"n0_tamaramorrison@hotmail.com","pass0"
"n1_qoliver@gmail.com","pass1"
"n2_moraleserika@yahoo.com","pass2"
"n3_zsmith@hotmail.com","pass3"
"n4_berryerika@hotmail.com","pass4"
"n5_debra94@gmail.com","pass5"
"n6_eric22@gmail.com","pass6"
"n7_sparkskevin@yahoo.com","pass7"
"n8_thernandez@gmail.com","pass8"
"n9_falexander@gmail.com","pass9"
"n10_lisatran@yahoo.com","pass10"
"n11_jessica66@gmail.com","pass11"
"n12_connie57@yahoo.com","pass12"
"n13_anthony04@gmail.com","pass13"
"n14_gutierrezbryan@yahoo.com","pass14"
"n15_kford@gmail.com","pass15"
"n16_carterryan@hotmail.com","pass16"
"n17_samanthajackson@yahoo.com","pass17"
"n18_tamara23@yahoo.com","pass18"
"n19_mdavidson@hotmail.com","pass19"
"n20_lopezsarah@hotmail.com","pass20"
"n21_janet06@gmail.com","pass21"
"n22_michaelgrant@hotmail.com","pass22"
"n23_preyes@gmail.com","pass23"
"n24_twright@hotmail.com","pass24"
"n25_jack27@hotmail.com","pass25"
"n26_newtonsean@hotmail.com","pass26"
"n27_destinywoods@hotmail.com","pass27"
"n28_hbrown@gmail.com","pass28"
"n29_stephenbeck@yahoo.com","pass29"
"n30_belltina@gmail.com","pass30"
"n31_johnsonjennifer@hotmail.com","pass31"
"n32_charlotteadams@gmail.com","pass32"
"n33_joy31@hotmail.com","pass33"
"n34_jocelyn03@hotmail.com","pass34"
"n35_jeffrey74@hotmail.com","pass35"
"n36_james18@yahoo.com","pass36"
"n37_obooth@hotmail.com","pass37"
"n38_patricia82@gmail.com","pass38"
"n39_guerrerofrank@yahoo.com","pass39"
"n40_qvalenzuela@yahoo.com","pass40"
"n41_lewisregina@yahoo.com","pass41"
"n42_connerchristine@gmail.com","pass42"
"n43_mejialisa@gmail.com","pass43"
"n44_kluna@gmail.com","pass44"
"n45_dylanmartinez@hotmail.com","pass45"
"n46_powersscott@hotmail.com","pass46"
"n47_tricia79@hotmail.com","pass47"
"n48_jennaarnold@yahoo.com","pass48"
"n49_singhjohn@hotmail.com","pass49"
"n50_laura45@gmail.com","pass50"
"n51_rward@yahoo.com","pass51"
"n52_jasonday@yahoo.com","pass52"
"n53_jennifergarcia@yahoo.com","pass53"
"n54_angelahall@hotmail.com","pass54"
"n55_kristinperry@yahoo.com","pass55"
"n56_joshua55@gmail.com","pass56"
"n57_murphyelizabeth@yahoo.com","pass57"
"n58_douglastrevor@yahoo.com","pass58"
"n59_ggreen@hotmail.com","pass59"
"n60_sydneywagner@yahoo.com","pass60"
"n61_alexander01@yahoo.com","pass61"
"n62_patrick19@yahoo.com","pass62"
"n63_wmooney@hotmail.com","pass63"
"n64_iwood@gmail.com","pass64"
"n65_bob92@yahoo.com","pass65"
"n66_lbrown@hotmail.com","pass66"
"n67_sandrafowler@yahoo.com","pass67"
"n68_santananicole@gmail.com","pass68"
"n69_fphillips@yahoo.com","pass69"
"n70_ethantucker@gmail.com","pass70"
"n71_denisepeterson@hotmail.com","pass71"
"n72_barrettronald@yahoo.com","pass72"
"n73_lmiller@gmail.com","pass73"
"n74_andersoncarl@gmail.com","pass74"
"n75_allenthompson@yahoo.com","pass75"
"n76_lauragalvan@yahoo.com","pass76"
"n77_tyler75@hotmail.com","pass77"
"n78_stewartadam@gmail.com","pass78"
"n79_smithdavid@gmail.com","pass79"
"n80_timosborne@hotmail.com","pass80"
"n81_lisamcdaniel@yahoo.com","pass81"
"n82_lori81@yahoo.com","pass82"
"n83_kathleen88@gmail.com","pass83"
"n84_madeline93@hotmail.com","pass84"
"n85_duranalexander@yahoo.com","pass85"
"n86_hlowe@gmail.com","pass86"
"n87_charlotte79@hotmail.com","pass87"
"n88_thomasjames@hotmail.com","pass88"
"n89_xallen@hotmail.com","pass89"
"n90_jharris@hotmail.com","pass90"
"n91_lauriegeorge@yahoo.com","pass91"
"n92_brianramos@gmail.com","pass92"
"n93_meghanrobinson@hotmail.com","pass93"
"n94_mallory01@gmail.com","pass94"
"n95_heatherjennings@gmail.com","pass95"
"n96_ian93@yahoo.com","pass96"
"n97_nrogers@gmail.com","pass97"
"n98_chobbs@gmail.com","pass98"
"n99_ukramer@hotmail.com","pass99"
