"0","n0_tamaramorrison@hotmail.com","pbkdf2:sha256:260000$sOYdaIZebjPdgLWa$5bd092a90a5b575810020b0cab5d8003dab3c94d7dfd71a4760b299ab591e39e","Gary","Cross","leeashley","9342 Lori Bypass Suite 711
East Sandra, CO 92162"
"1","n1_qoliver@gmail.com","pbkdf2:sha256:260000$r5IvTmZQl4s3lkrT$40cbe65f6b377aa35c7dce235ba57c5da85aad2ebe785dc67261b7db4b2b94a4","Madison","Zuniga","johnsoncynthia","6208 Williams Courts Suite 345
Masseyshire, UT 88665"
"2","n2_moraleserika@yahoo.com","pbkdf2:sha256:260000$357LR7CvJbyhrxhJ$434a36c9bac0b52067d11314019b026a286245d7dcdbdff459322b63e4e857a7","Shane","Bradley","martincaleb","891 David Run
Port Kevin, HI 13631"
"3","n3_zsmith@hotmail.com","pbkdf2:sha256:260000$YenGwKwFtQxo60MM$3dbdbe8a39343fb5a1f0bb130c5052a8eea4189b76c7f3eca98d2d28949734c2","Sara","Evans","garciaregina","361 Robinson Green Apt. 635
North Lynntown, NC 59694"
"4","n4_berryerika@hotmail.com","pbkdf2:sha256:260000$1IX3z9Dy2v7c8A7O$5b216d6c8f7c3fd743200826882b804e61d3c826cbb85a8c840e68f7dcb2b1e3","Charles","Scott","meganaguilar","634 Petersen Orchard
Lawsonbury, AK 86613"
"5","n5_debra94@gmail.com","pbkdf2:sha256:260000$5ZDgVlCepihdyWFN$68cebfdb4faf9294904e2a66ebc6c27ae23f4e13b34e44eb9cbadd88001b488b","John","Ellis","ruizedward","306 Watson Field
Kellyland, AZ 64223"
"6","n6_eric22@gmail.com","pbkdf2:sha256:260000$PGiR2jGWr75xVYiC$9bda398078e51f5a61f9341413cded532cb1fb478f3452a61e8fbc4d2ec880d1","Melissa","Cantu","michelelopez","45602 Phillip Squares
East Robertside, WA 19150"
"7","n7_sparkskevin@yahoo.com","pbkdf2:sha256:260000$2xNIxN9z0LMZtihT$128010526524f976d19df7efb601d35949d55ea3502416ee17e268b4422379b4","Nicole","Davis","owolf","16448 Audrey Road
New Daniel, ND 53377"
"8","n8_thernandez@gmail.com","pbkdf2:sha256:260000$oLmlohCRrzzJZEeY$054c53dd4a45c45f8d79367d08806b039607b1c0c9bb4e151d1c6c03f6fecdbc","Angela","Avery","csmith","75667 Blair Underpass
South Shelby, VT 07027"
"9","n9_falexander@gmail.com","pbkdf2:sha256:260000$ThtvCwmdNGIEl5gS$dba7fa8eef1ce60501216736b1ab56bdba9dc76df167d573c3ae736c41cc2622","Jesus","Nguyen","boydjames","3791 Hansen Village
Williamsburgh, NM 29343"
"10","n10_lisatran@yahoo.com","pbkdf2:sha256:260000$dDbfyH0IaX3Bs0te$1cad03cb991de9bb8a649b192adb0cf8107098defa79f1ff3b2d760f14cad8c9","Zachary","Smith","htrevino","62281 Kathy Tunnel
Hudsonborough, VA 17819"
"11","n11_jessica66@gmail.com","pbkdf2:sha256:260000$2t6FXRGaJhGjC5Qu$52a7733dafae9d4d05c1d9164f02524420ce0b4dd13d73f9f72732a101605d43","Anthony","Mccoy","andrew00","91662 Vincent Road Apt. 153
East Sonya, GA 97862"
"12","n12_connie57@yahoo.com","pbkdf2:sha256:260000$RFNyLMnWbnR9Vols$25c195f6805fc0f092a13109550c7629e76215c13495d44c8fa4cab035b423f8","Melanie","Park","wanda38","29072 Noble Stravenue
Browningview, RI 25097"
"13","n13_anthony04@gmail.com","pbkdf2:sha256:260000$6YTHhsKQ2P10kMA6$aea2e0361aa2d66b67015bcb1c7de4994c8b063910e0875cefaff7af699d03ee","Jonathan","Simon","ashleyallen","609 Gomez Port Apt. 945
South Thomashaven, AZ 11181"
"14","n14_gutierrezbryan@yahoo.com","pbkdf2:sha256:260000$c68irke8V890D1Vq$02dd30ca37d5491ff45729cfe732d32d29df1ca275c86a76ad692fcdd43be6cf","Kelly","Mckinney","thomaspeters","251 Brown Knoll
Emilyshire, NH 54532"
"15","n15_kford@gmail.com","pbkdf2:sha256:260000$OvTuWTnkK25vNE3o$b48d8a80bcd990b2bf3ca0535eae84c17542d9ac4dec9c495116d41620197f2d","Aaron","Morgan","ethanmaxwell","90622 Anthony Islands
North Brandonville, RI 19859"
"16","n16_carterryan@hotmail.com","pbkdf2:sha256:260000$z0PysDgsZOl2P2Hj$d2fb0d027cb13c261705b9ca3fbf831dfdc32ae284384a8edf8f22bd8e7e036d","Micheal","Munoz","genewells","2219 Martin Meadows
Fordland, NE 71923"
"17","n17_samanthajackson@yahoo.com","pbkdf2:sha256:260000$xGOSK88v4wcKMASt$9cd77a5b6e369cb7720824792cd1e79fc0ee486b1426d09bd207bd14111c0ed5","John","Rodriguez","swood","96538 Williams River Apt. 487
Kennedyburgh, ND 48253"
"18","n18_tamara23@yahoo.com","pbkdf2:sha256:260000$ZM8mGpGt4hJ3hNLv$301a5c1ab21acfa9136f4542ec71af7eb6b51cb1da50ff058d127d6aa7b473b6","Brian","Kennedy","nancy51","546 Mariah Crest Suite 587
Lake Jenna, MI 57113"
"19","n19_mdavidson@hotmail.com","pbkdf2:sha256:260000$2mbDxfDRFCjQub21$05eb938ea1e891983964041283f566c809a555f6cb903aa5ed58cd3a2e229aea","Lisa","Gaines","figueroajames","140 Christine Shoals
South Jamie, MD 26932"
"20","n20_lopezsarah@hotmail.com","pbkdf2:sha256:260000$vm2Brr32VsewkvOB$d4283113e9c9c547834c04184f9be1547114fb917a33c293adfbfb50d88719d4","Karen","Perez","michael79","50592 Myers Field
Crawfordburgh, AR 44929"
"21","n21_janet06@gmail.com","pbkdf2:sha256:260000$AVHnhdp1YJRegYEP$e10d5afb5f4a4701ead41862c9e3260b8b042ca100e569a80e04ef10b57767c3","Mark","Mitchell","trevor32","302 Parker Plains Apt. 197
East Robertstad, CO 98152"
"22","n22_michaelgrant@hotmail.com","pbkdf2:sha256:260000$s9nnj0JYFz1XYND3$a4148f48135a79be9d27d30cc7b8bb975f21aacace895f5827c6879e5a3fa258","Kimberly","Brown","martintyler","Unit 3639 Box 7524
DPO AP 46184"
"23","n23_preyes@gmail.com","pbkdf2:sha256:260000$NypT0ELu4PtNVasN$962798aeb82e736754fc123964c44039ae3f563c320115fad8a14cac7a4ad7f7","Amy","Price","brandi45","70586 Alison Parks
Josephchester, UT 08149"
"24","n24_twright@hotmail.com","pbkdf2:sha256:260000$wiC8nV209k75Clc6$44c3a4be190dfe9786de7f5180c3e3a6827149ff181656171ab2cc0ee870d6be","Kim","Nolan","smithjulie","92555 Shaw Spurs Suite 207
New Randy, ME 58221"
"25","n25_jack27@hotmail.com","pbkdf2:sha256:260000$xemFmgUzndEBVi0y$3a9e1c01dd78bfd4ecd045e54410dc09e466cc96f0709af7525e4e2b71d63e8b","William","Smith","mariecollins","300 Merritt Bypass Apt. 816
Martinborough, AR 44951"
"26","n26_newtonsean@hotmail.com","pbkdf2:sha256:260000$yw2c7ouOK3nuaYZz$c93b00a9b6e7e97229c3b9dd722ff08ea2f4229d58ead1b1511bc9ec75354ccf","Lisa","Beltran","pamelarussell","392 Barbara Heights
Johnnyfurt, AL 83909"
"27","n27_destinywoods@hotmail.com","pbkdf2:sha256:260000$nojdHTA3bvlgByMB$6c432524f08e494ce2f6a0ca6c05bc80a936511f2efb503157329461ff69e2b9","Rachael","Diaz","wrightchase","78264 Lewis Burg
Lutzburgh, NV 41821"
"28","n28_hbrown@gmail.com","pbkdf2:sha256:260000$H08LpwDDY5Mlu2jH$1eed6f6700a04fe500d535d7365c21cad9c75dc6c8a5d7d5d253fd513048bb8d","Ann","Crawford","kellyhill","Unit 4987 Box 4867
DPO AA 29387"
"29","n29_stephenbeck@yahoo.com","pbkdf2:sha256:260000$BL1iWwMcaJ4gwO9W$f848a02ed4526f7206638c0dba027ed2018f0640ece852739befc2d3f9e60344","Leah","Bell","wgregory","USNV Leonard
FPO AE 13658"
"30","n30_belltina@gmail.com","pbkdf2:sha256:260000$6qM8Qdpu3bxsBtEy$6e31de8d870eaf61cd4c561ddf8c6d514f95de05745fa806c29ca25852a315bf","Linda","Russell","aliciarobinson","3830 Joel Mountains
New Joshuaport, MA 97233"
"31","n31_johnsonjennifer@hotmail.com","pbkdf2:sha256:260000$A4GPWTS3pGhwFpfW$63dd165e691b46fcb2d8fa0803b45f0f00c6ede198b2000580d701f6a3856e82","Katherine","Moore","nancyjordan","948 Martin Road Apt. 982
Santosbury, IN 19315"
"32","n32_charlotteadams@gmail.com","pbkdf2:sha256:260000$C1mB9CLP18dbP5ZN$d6e35911cbec614361921c8a531dfd8b0ab4ee78ceeb1b379d307e3024fa2164","Deborah","Hampton","richardsonshannon","1064 Howell Fields Suite 621
West Kathleen, NJ 58357"
"33","n33_joy31@hotmail.com","pbkdf2:sha256:260000$SI1DiXT3j3jbyAyr$89affabeef1418f20a8066505b1304e07ee3e43a6ae380d8ee8161c50b011449","Mrs.","Morgan","johnkeith","4279 Ann Brook
North Kylefurt, KS 95304"
"34","n34_jocelyn03@hotmail.com","pbkdf2:sha256:260000$ruz103nY2caH9Knr$19ea42f6c76a1db2684bf8afcc2345c3a78ddbca37d1f31191e66097c34fe307","Jasmine","Graves","andrea07","8410 Michael Row Suite 634
Bonillaside, SC 57507"
"35","n35_jeffrey74@hotmail.com","pbkdf2:sha256:260000$mXyK9PDxSr1tHQEl$944e1a666769e53387b3cf9b5ce836689f0123988f8904e359b3770a95030c84","Christopher","Sanders","susan02","0015 Kenneth Centers
North Colleenberg, PA 22683"
"36","n36_james18@yahoo.com","pbkdf2:sha256:260000$DobyemiGbcVSHOxt$c7572c8a7826bd3005914f425b5e0b5c9fa5a04dfcc7ca7dc945199bf17b148c","Vincent","Moss","william00","19356 Susan Trail Suite 850
Jesseton, MT 70897"
"37","n37_obooth@hotmail.com","pbkdf2:sha256:260000$qW1OHBZ68OijnIgT$cbc7914a30df0df0d20edfc296a6ee57e5af75ce6df94c091c39ac3a673db9b5","Stacy","Young","robinjohnson","039 Gutierrez Lock Apt. 266
Wilcoxborough, CA 92390"
"38","n38_patricia82@gmail.com","pbkdf2:sha256:260000$P0bz0QjxUfxHmT0W$fa2c043d8bc6e3e2586aefc85525d804557ddff1beda89ce1a5ebcfd5fa4195c","Jody","Anderson","cstewart","USNS Williams
FPO AA 62218"
"39","n39_guerrerofrank@yahoo.com","pbkdf2:sha256:260000$cUxtQxzYVy2dpD68$157328c431b2d21b0b4aa07d1285572afd77dc5f132724837d62cdbaffed7dc4","Christine","Coleman","josephpacheco","65545 Jaime Run
Danielleburgh, OH 21345"
"40","n40_qvalenzuela@yahoo.com","pbkdf2:sha256:260000$4W2QRgJHEcYblqlX$4cb410e508eeb4e849c76341ce4f316c0ec012a5e4e608190c5d3eef89b7c4f2","Robert","Cuevas","ilamb","3881 Gonzales Creek
South Alyssahaven, RI 74268"
"41","n41_lewisregina@yahoo.com","pbkdf2:sha256:260000$gL4sBgc0NTpQhOV4$7ceeec24bd2674b325516eb5507e1e0ab5bcaebf6a80c89713cc454ae2f15553","Patricia","Brown","sarahsnow","227 Stephanie Extension Apt. 148
New Melissa, NM 16412"
"42","n42_connerchristine@gmail.com","pbkdf2:sha256:260000$4M7MzrbWnOYlLl7s$12ba9231b2df2c2d234c3a660e64bced344f449f2e48b82e41ebbb34cd5493e0","Paul","Foster","lopezryan","716 Mcdonald Burgs Suite 071
Port Lori, ME 80037"
"43","n43_mejialisa@gmail.com","pbkdf2:sha256:260000$oTMpwQFk5lYaGTIw$e6935810d6098bdd40e4d471755080dcd70a168b0e2d95bbf62613162fd41cfb","Theresa","Gomez","zmoore","4380 Jones Run
New Jacobfort, TN 26620"
"44","n44_kluna@gmail.com","pbkdf2:sha256:260000$SZ920t9iNZUx84vS$f6d9821f587e0f819900e4c130a29338eb6a03f9f4c601aa7fe7020514409ee1","Christopher","Robinson","johnsonblake","5542 Barbara Mall
Brianfurt, DE 99692"
"45","n45_dylanmartinez@hotmail.com","pbkdf2:sha256:260000$xwCmdi2Bjgj5F8kK$c7a5c049cd01e46b7441ec38310780217ae7bf6e85a34042a5ca923889723de5","Christina","MD","elizabeth56","74389 Chris Union Apt. 564
Sarahville, DC 61263"
"46","n46_powersscott@hotmail.com","pbkdf2:sha256:260000$zWjWioGnzmCFtwID$8599e44710805ab06bed5f16515b19f5813f6351f0583752829bf313f9198216","Stephanie","Cordova","fitzgeraldtim","Unit 5470 Box 5535
DPO AP 47953"
"47","n47_tricia79@hotmail.com","pbkdf2:sha256:260000$xKg6uuyuY0Xh2K1z$6584761dd4d9fc144f1a81face1c27bee2d0da01a480866b8b8416f64f61f7bd","Denise","David","ethangaines","23312 Bob Points
New Marychester, SD 59471"
"48","n48_jennaarnold@yahoo.com","pbkdf2:sha256:260000$4YXjJuyHe9F2tVp9$d82f149f0f43ead091a6ad5f2ee0de1ec9dca8f1b4aa5685e6fe40e2fc8bbe13","Brian","Wade","porterjoel","28045 Ward Lights
Grantport, NJ 06309"
"49","n49_singhjohn@hotmail.com","pbkdf2:sha256:260000$5YSAbVjmzX1FdehK$0ea1e154fb8961151b0ba857e2a58eb5720aceeca5be2e7b2555521a1bf1404a","Adam","Coffey","heathermarshall","0831 Anthony Street Suite 239
Fernandezchester, NV 34901"
"50","n50_laura45@gmail.com","pbkdf2:sha256:260000$LqAijblhW8eCt3fc$0930596e46c8d360093f35001d8a88e6ef05e5f98bc562cd5295ce4ec126b449","Kathy","Bradshaw","bonnie89","Unit 3297 Box 9693
DPO AE 48417"
"51","n51_rward@yahoo.com","pbkdf2:sha256:260000$rwOBjLPM4xPXZph9$624c1d6fa17b2bc34459eda10b3b35c14c009be59e2b3869b3e0e9ed7fb6a776","Jacqueline","Roy","ochung","96654 Kelly Parks
Randybury, NH 26983"
"52","n52_jasonday@yahoo.com","pbkdf2:sha256:260000$9lryiFKMMiTzzD7l$e5e4bc939ab732f65c5b8590635990e625cce3fd63f1659da69a1c3d5a972b95","Steve","Matthews","davidhenderson","53691 Clark Course
Lake Kariberg, IA 86650"
"53","n53_jennifergarcia@yahoo.com","pbkdf2:sha256:260000$0aivS8KqHid9fjOz$4b5a10a62265c72d9d17b2bce7c4d242a35389a8bbf72f93252b402647720720","Elizabeth","Duncan","myersedward","USCGC Green
FPO AA 25485"
"54","n54_angelahall@hotmail.com","pbkdf2:sha256:260000$5BRvbhHlZf50punK$f8bf0f0469c079314ef0224d3a593ede494f0bf9f5d37cae6ed5da54321e72f4","Steven","Reyes","vhill","871 David Spurs
Jonesbury, WV 16024"
"55","n55_kristinperry@yahoo.com","pbkdf2:sha256:260000$J791NRgkwVVxJfQS$ebeb0c1dbd743c4367dad2a48bf1b6cfbe98f138129b2f3bb9aaadf739ec3d70","Jennifer","Marshall","joshuamays","47990 Austin Ridges Apt. 256
New Kelly, NM 32845"
"56","n56_joshua55@gmail.com","pbkdf2:sha256:260000$Ws7jTiM87yMMTXw7$32cdd1e5691e29583390b1f134030cced9d92a274032591d383bb194667315d3","Allison","Gomez","cstrong","122 Perry Plain
Jenniferstad, NY 97453"
"57","n57_murphyelizabeth@yahoo.com","pbkdf2:sha256:260000$36Tl81yLqo4dfMXl$b28b82d01800ec04f03f047a78c66f4e1c3395179315b84827c58403456d5847","Corey","Turner","shanesmith","83999 Kimberly Tunnel Apt. 342
South Jesse, IN 52392"
"58","n58_douglastrevor@yahoo.com","pbkdf2:sha256:260000$iGGAvcOxX7v43PZo$7214e524d8f70a5a1c58a148411310e6ad7a4e0e521212cc24c6d66d69bbb894","Christian","Smith","ajones","9143 Ford Mills Apt. 751
Deborahborough, DC 87692"
"59","n59_ggreen@hotmail.com","pbkdf2:sha256:260000$u4SWzaKhWKzAc9Sj$7be6829130757a564b5c4cc6d62cc2b5f1d66f56bb024fc6d1d7df6ebd9d798b","Amy","Hopkins","princedana","838 Ann Hills Apt. 225
North Justinchester, KS 69953"
"60","n60_sydneywagner@yahoo.com","pbkdf2:sha256:260000$u5u6eiLX4y3UR2y9$b4ce9c5329ee844834aeb55d178c5832507250f940db2ff9c15512423bdf5f7e","Adam","Burns","jamescoleman","9906 Leslie Manors Suite 325
Mckayside, LA 93628"
"61","n61_alexander01@yahoo.com","pbkdf2:sha256:260000$UbEt0qXGgJ8raj4D$19ebb5f593bc471e6f549dfb437f1f7b79aad534d5b31cd2cd42a4a8d5a75de7","Tracey","Bartlett","michaelsmith","016 Robert Vista
Andrewsport, MS 01233"
"62","n62_patrick19@yahoo.com","pbkdf2:sha256:260000$xDduGn1Y7XjWTtFN$412c20b809abaafae57fde7430f6ca83ce2b36e14cf8f3b1716bea796a7bc0f0","Tracy","Johnson","patrick39","714 Howard Walk Suite 656
Adrianmouth, IL 12621"
"63","n63_wmooney@hotmail.com","pbkdf2:sha256:260000$UMHWyWhkuqwpgCNt$1ec275404b23f461e8fb015c18a19055bcf5d592fec0a199c4c7f6f0df64c8b9","John","Perry","wclark","Unit 6806 Box 8505
DPO AE 78079"
"64","n64_iwood@gmail.com","pbkdf2:sha256:260000$k0pAXrxdLbgPKtuf$6722e523d0a9d87ffa5d00b75f06b0dce36e95f302117cfb9f3aa1fb1f6c54d6","Sharon","Tucker","christina14","548 Erin Valleys Apt. 214
Lake Rachaelbury, NY 47153"
"65","n65_bob92@yahoo.com","pbkdf2:sha256:260000$Pm4qPevm61c2j4XX$5868250d51e35bd4a2a5146772ebc78c00ac3811a5644375ca07115257170364","Darrell","Rodriguez","fgibbs","3658 Nathan Junction Suite 376
Russellfort, GA 63444"
"66","n66_lbrown@hotmail.com","pbkdf2:sha256:260000$L3L9ZvQEtdANzF7I$5c31b4e8d3a110252e59bb90ab3192bc9bf42303672a78e3c5f5ee1dbb56c948","Taylor","King","jcarpenter","60234 Elizabeth Brooks
Grayfort, KY 90855"
"67","n67_sandrafowler@yahoo.com","pbkdf2:sha256:260000$NkvOxnwjK0quXJCH$fb81c898310d4638d11a1bc9ef4d14d6edea9d575890c122cc58e635b9cedbdb","Robert","Gonzales","lrobinson","87421 Katherine Viaduct
East David, NM 82215"
"68","n68_santananicole@gmail.com","pbkdf2:sha256:260000$9OmPsVJ4dNMtz445$27432ebfaa26865b6f5a94bb47e14c33ee0054918fb0311f1a67a4a06eac7fcb","Stephanie","Meza","tblackburn","1113 Kristin Road Suite 599
Johnsonfort, MO 38483"
"69","n69_fphillips@yahoo.com","pbkdf2:sha256:260000$YGoQWxFfJb495RI3$daa78f2c9560b0c1e6b24c9a401cf38ff3c7aabce4001a4bd5946b4aaa143724","Michael","Livingston","iclark","9728 Tina Causeway Suite 933
Lake Austin, MS 44659"
"70","n70_ethantucker@gmail.com","pbkdf2:sha256:260000$ONzLZjYY1UxZQTB4$c5beb01229de017377121188ce9f50da1fc83afc94dd1b78143ca18d660c8d9c","Cory","Bowman","craigjonathan","351 Mary Drives Apt. 487
Seanborough, IL 18198"
"71","n71_denisepeterson@hotmail.com","pbkdf2:sha256:260000$7IOpZy3cDORZoEYb$794827a71d7047dee173ffbd933a0dfbc445bc1790a64f5e9e9cc442094b1404","Denise","Burch","melanie16","USNV Mack
FPO AA 65085"
"72","n72_barrettronald@yahoo.com","pbkdf2:sha256:260000$QILJWLGlxPdg5aec$9e8c6de4b9251a3058d7324795cc2274561b0091e1caceff083edeb25bca181c","John","Benjamin","annette51","45650 Christian Canyon
Michelleberg, AR 40112"
"73","n73_lmiller@gmail.com","pbkdf2:sha256:260000$KHZB1QCZU0GVvcy9$5ddeec50f6c44042fc021efe3be77407559818d812984bf0cc79db65bc920b5b","Michael","Robinson","darlenestrong","85010 Evans Camp Apt. 155
Georgechester, ID 85744"
"74","n74_andersoncarl@gmail.com","pbkdf2:sha256:260000$TED7ojOrrVTMLnjh$966dd62e24335623a2325ebeb29e32df141fa9a8cdac8d9473e97e7de2f4a320","Ryan","Kline","vharvey","69407 James Stream
Port Jesustown, NV 35136"
"75","n75_allenthompson@yahoo.com","pbkdf2:sha256:260000$2IvkLFgWjlmnSB2c$292687092d8ec27b54ad0b3e7d60ca208d3c9d2db25dbc492503312f36e4780a","Shannon","Smith","smithrichard","3605 Whitney Shoals Suite 996
Mariashire, SC 23284"
"76","n76_lauragalvan@yahoo.com","pbkdf2:sha256:260000$qlcbWPTm4VM2EoIq$62d662f18d41c917de8f55c3b1274e8782d4c19dd3e442fcf4d00fb9d7f9ac87","Stephanie","Brown","vrodriguez","1704 Shelley Forge Apt. 511
Tracyport, WY 98738"
"77","n77_tyler75@hotmail.com","pbkdf2:sha256:260000$BxBJgNoBw5Sk06Zx$4e5e5777095f6bfb5156b2e21a07a0c693cc43574b7b4906b072671ed0d72252","Alexis","Phillips","alexanderpamela","36719 Massey Brooks
East Kathy, MT 74039"
"78","n78_stewartadam@gmail.com","pbkdf2:sha256:260000$hRydqAjpdGSDh2rG$ccf5988f756c04e05f31da949e2b85a486cec385920dbc83428d47153097a62e","Julie","Parker","roywang","9761 Jonathan Squares
East Carly, AZ 07369"
"79","n79_smithdavid@gmail.com","pbkdf2:sha256:260000$0qXau1HcntvHXcG1$a34359e5d7b8631e542b2b67b54fff875eeeeb3b4448a23f42a56da300e42e17","Frederick","Waters","tonya94","33791 Michele Pass Suite 279
Johnville, NM 66572"
"80","n80_timosborne@hotmail.com","pbkdf2:sha256:260000$qNCrtfmUZHnwQpPg$9fa78626181138ee1a23dbd48fdfa60b12480460a6061628fccd2df75ff743d0","Samantha","Taylor","thorntonanna","57072 Tricia Ridges Suite 750
East Briannatown, MT 36095"
"81","n81_lisamcdaniel@yahoo.com","pbkdf2:sha256:260000$MJcGQdv1lmQfrgCp$f1757deecc7ce89a97435ad0f6e87dbda356323a988ca50a7e724a198b01bf88","Patrick","Bryan","deanna54","132 Joseph Mountains
Debraberg, MI 92555"
"82","n82_lori81@yahoo.com","pbkdf2:sha256:260000$l41HdIgD9HEMDwBI$472967d469c9bd233ec080840193b2dba99e511eb8dd233475810f43c751bba8","Kyle","Griffith","jonhunt","87814 Frank Grove Suite 805
East Michaelville, IA 51266"
"83","n83_kathleen88@gmail.com","pbkdf2:sha256:260000$YBSPRxUfOXhELVEb$f4be7b95d0a369411d97bbba49a2865845f05f97a37ebdb4cb54c5445d05d3ea","Denise","Poole","rachelleach","7964 Joanna Alley Suite 401
Port Maxwellside, NJ 57704"
"84","n84_madeline93@hotmail.com","pbkdf2:sha256:260000$uRcuK4K2XMGDrqam$e3fbaec93f3f041572613d4dff3ded9539c4eac0ef983486e178f14e5b15bcd8","Leonard","DVM","clarkcameron","98978 Raymond Lane Suite 579
Paulville, DC 65708"
"85","n85_duranalexander@yahoo.com","pbkdf2:sha256:260000$rNqOd6ALKdeFmlMx$2eb802fe4e5d08f3ff35a83023f5f9fe9511dad57c3543b44b0a0062e56c4535","Sandra","Kennedy","vriley","591 Thomas Skyway
Batesfort, MD 94974"
"86","n86_hlowe@gmail.com","pbkdf2:sha256:260000$qiDCainxuhnBBeqa$371889a60bd7988f5d834a5d07923457a879515b7d8e14fd8c021da36a4f92fd","Ricky","Oconnor","melvingarrett","1758 Escobar Courts
East Robertfurt, AZ 08039"
"87","n87_charlotte79@hotmail.com","pbkdf2:sha256:260000$cWsIb27Qzpss7e4A$db351fa0e121ecf9bb705c5cd31299f9107981f36fa2e2333ac8a3455fa42539","Brandi","Quinn","david09","Unit 5592 Box 5497
DPO AE 68367"
"88","n88_thomasjames@hotmail.com","pbkdf2:sha256:260000$GGFR01d9KT2DRgnA$89318eccb768328836e36295f0e193d981dbabb03f14c3ab64ef93f50382f807","Samuel","Garcia","hannahlopez","511 Leslie Road Apt. 283
Warrenland, OK 67779"
"89","n89_xallen@hotmail.com","pbkdf2:sha256:260000$9vcAqzqC9C7SVh3q$ac41a9d34596176a819316995b522ccbff625d99d45f36e38a27e19582193cb7","Raymond","West","derrick50","Unit 9107 Box 0020
DPO AP 63249"
"90","n90_jharris@hotmail.com","pbkdf2:sha256:260000$Cs35UrbRvg6jqhvK$19c4afbd62502f793e9a7c8eedccb5c9173d81220336e44c1ae487fc2bce8832","Karen","Daniel","wwalters","PSC 7098, Box 7009
APO AE 90572"
"91","n91_lauriegeorge@yahoo.com","pbkdf2:sha256:260000$BVHDsUZuZja0T33h$3e639c397b57f5b584b723ff9116707d1842b3a5e0b87ca21528d90c8b484586","Ryan","Morgan","adam05","1743 Ortiz Mews
South Chadborough, TN 43366"
"92","n92_brianramos@gmail.com","pbkdf2:sha256:260000$sewbwX8SNvuYWpEZ$fb160c36c59f8f65692fca17d72a801c3b0d3131fbbb4f7ae02e6ea5dfd24f19","Nicole","Parker","susanmahoney","3715 Holland Mills
East Carl, MS 63874"
"93","n93_meghanrobinson@hotmail.com","pbkdf2:sha256:260000$fkme8uBaMdMksFtu$5978c682b665781ecbd63a71f035ff210e289b1611b4a707493ba08e71024d6c","Ryan","Stewart","sboyer","PSC 5884, Box 6172
APO AA 79352"
"94","n94_mallory01@gmail.com","pbkdf2:sha256:260000$8CxDNRmtimFAVeP8$8f5719a0d4fcbfebafc9c5ed9d2b441ab85feac4e6facbe7b0e011be21a0482f","Manuel","Fletcher","scottortiz","7625 Boyle Place
West Mark, SD 31846"
"95","n95_heatherjennings@gmail.com","pbkdf2:sha256:260000$P1E6Z7LtlEJHpl0B$8b8dac9f053872f70aee2b6fde92e6dab4b97e79f278f9469c4fd4091bf9ebfc","Michael","Murray","qrodriguez","459 Rebecca Garden Apt. 662
Lake Johnport, WA 57576"
"96","n96_ian93@yahoo.com","pbkdf2:sha256:260000$t0D4H0uRHk2Jlu5E$d7a3e7a266bbb38966fc16b8021b1d375aafe5bf7c4dff3690bb275d58a3b618","Rebecca","Morales","julieschroeder","402 Cox Pass
Tinachester, NV 24476"
"97","n97_nrogers@gmail.com","pbkdf2:sha256:260000$JygEMqDUQMrddxpv$2946d56bcf9fccb4f3fcc09e101a33cb06569042557a8d7cc3658a6863e8ab2b","Kimberly","Smith","michaelreyes","04001 Green Island Suite 629
New Mariamouth, ME 75278"
"98","n98_chobbs@gmail.com","pbkdf2:sha256:260000$u1drBBpjhI3TX1f0$6d92a4acf2f20a2a3e5a8d9999a5c0cd49793f3c268576bde621c12dd17ccb0b","Kyle","Peterson","russell87","7334 Lee Drive
Lake Tyler, HI 20570"
"99","n99_ukramer@hotmail.com","pbkdf2:sha256:260000$Ty4PbSnhHl6jGt6A$1dd4db8eeab1d17f8a55a53c15c7b95fc8dbd27f14515a6b0d698ab2a0d88bd6","David","Harrington","clarkjanice","1416 Kimberly Rue Apt. 151
Nealchester, MA 65136"
