"0","tamaramorrison@hotmail.com","pbkdf2:sha256:260000$yvUDOrKokfPc99F5$69b3f9f43764524de0525850947abb4eea1e0a217b0c7b6aedda85419164122c","Gary","Cross"
"1","martha10@hotmail.com","pbkdf2:sha256:260000$s9GqSZPB6euBWMDV$3c4cf1c7e0be6dd5d0d671da1e7c6ceba7c0931ebe58c4b55da5c5776c092d2d","Denise","Thornton"
"2","deborah64@gmail.com","pbkdf2:sha256:260000$KtxkoyItIwYC7kz0$4944b6a34f68e8d8dd34e06b7f7c430e41a32ffe03d5770de9f827b762778fbb","Jeanne","Green"
"3","franklinjames@yahoo.com","pbkdf2:sha256:260000$u2Jvq88YY4VDxkB4$3e2bfe6d28b91b407e2863d5500592531537d6f2ee635839591347e4809f2de7","John","Hoffman"
"4","samanthasims@yahoo.com","pbkdf2:sha256:260000$hrbsm1XtLFBaZYOa$7b37b33b195b2db6901f4b688f686f49172bd1f6672f6027396eb42d7aa9e245","Timothy","Parker"
"5","taguilar@hotmail.com","pbkdf2:sha256:260000$GgEq0Jcw1lbqargM$718425fc91476df83b442bc3ef97b9bc5528d85c7c2f17ee00b84f71de98bbb5","Linda","Freeman"
"6","georgedavid@yahoo.com","pbkdf2:sha256:260000$yGup3s26DO3C5trD$f3c98e5e4fea4d6cc4ac469497c5cd6437559f9e601137216605a4e41ec418f6","Sandra","Brown"
"7","chad50@yahoo.com","pbkdf2:sha256:260000$g9wZO59QQTA3pwhn$82236ed32400600bcaf9925c2f4e770a72672248efc3f8beafe5eede364b6eca","Paula","Wilkerson"
"8","jyang@hotmail.com","pbkdf2:sha256:260000$sVt4GEdgsMP9jcoR$6390076cf681a9e4318fdf0d108579205044d144d2910e949020b11b89997095","Willie","Garcia"
"9","bramirez@gmail.com","pbkdf2:sha256:260000$R3XU9ZnYKhc4dxbf$501610a6903d1f3e60f1fc2804cb3465d5e7080174941081280b5acc9a610699","Michael","Montgomery"
"10","kellypeter@gmail.com","pbkdf2:sha256:260000$NHUdnCxv12yCt6Pr$9efbfbdcc357d83c327b3ac03e2c84448ccd1e0828520bad4a125ab6095a952f","Melissa","James"
"11","tarasanders@gmail.com","pbkdf2:sha256:260000$9YBeSX1Xx15rFfeT$ad37aa376f474a1c2ce2599f2efd6fb74056f852da3eef773cf9dfd8d2236255","Lisa","Bush"
"12","virginia18@yahoo.com","pbkdf2:sha256:260000$NoLoqhRGcplVDiRv$107ffd4386bb26657e036c502bde9cfde45157b94ee89aa33440f3dcbc4de3db","Bruce","Miller"
"13","jensenanthony@hotmail.com","pbkdf2:sha256:260000$zz0bOyEucAbseW0Z$aa420259b7a68a6856318426ebba5563c3b331ea2fa8ad5b7031c074c50ffce4","Mark","Burnett"
"14","kmalone@gmail.com","pbkdf2:sha256:260000$zOcDJbLCDJhDtRax$20d8b5bae316bcbbac031bb310373b1772a9e32d64264ec1e2718b294d3be46c","Courtney","Valdez"
"15","kingerin@hotmail.com","pbkdf2:sha256:260000$yUgirqpxw7g4Ahgm$2d4d2519e5937e2e725c34304fdf24647fcbed3691a89c1e04383eeb45da89ab","Henry","Moss"
"16","meganbrady@gmail.com","pbkdf2:sha256:260000$H3Fd55dRostEuPUE$0305e0f28b5601f4d2612e48aa202871e7520c31bb7103101cc6431128c84ff5","Amy","Fowler"
"17","kgomez@gmail.com","pbkdf2:sha256:260000$3IdZ5hrdhxjmAAE9$0f95ed2e6bfd71cbdaea6f60e991f7a357ac55ba18fe2272ab41c85426eba20d","Tammy","Reilly"
"18","thomaspeters@hotmail.com","pbkdf2:sha256:260000$oFAvDi28zLo09tsI$8c7d67b132b72c14352c9c4f890296423835f100b185d23bb3b129eee6dfe871","Robin","Harris"
"19","susan06@yahoo.com","pbkdf2:sha256:260000$4JTvEshhwbo2RtEW$5508f060276b9fd3b434ef5f142e41efd330203c80cf85abaed9c2905eefb138","Jared","Vaughn"
"20","william86@gmail.com","pbkdf2:sha256:260000$QwBQsgHK9ZuocKTn$d0b4204681d6f7d77a086e0b38adb5c9ac2eb912780be9a78d46a75d81c81762","Lauren","Mcdaniel"
"21","michaelanderson@hotmail.com","pbkdf2:sha256:260000$vX4nMuFaR1TTRa9S$c0120cfe7d433d6ddbdd0ccf287b36911261b2bab9f802d76a3e47942f195b7e","Brian","Richardson"
"22","deleonwilliam@gmail.com","pbkdf2:sha256:260000$5eNlYgxYbc4YbQjW$d5b079ba1080acc11af99ea0d591c0bbe30e2ad6c10d74358ba880eba0f4b034","Maria","Harris"
"23","joshua07@yahoo.com","pbkdf2:sha256:260000$fFTN314nhTXt8oHL$a55bd8876bc4e58928904355cbd3335f25ad44e587c0c96893b9da9596a70d65","Heather","Davis"
"24","leonardsutton@gmail.com","pbkdf2:sha256:260000$BrmSiAg40u0Cwtn7$a9fa5980d8abadcf2a225737c1394dab26f27862711d59a2101262252a75db65","Patrick","Spears"
"25","hromero@hotmail.com","pbkdf2:sha256:260000$ixwPhflbH0eFsm1s$4db662839499d9f88b65c0590c440ff07786982a36a220d0277d9dff0d076d53","Debra","Aguilar"
"26","angela30@gmail.com","pbkdf2:sha256:260000$1Yo7yKt4cKQ8zoyE$1d90a15efbac9b63438a73acbd79907ddad8d4fe93f6298937790e7594833c47","Cody","Crawford"
"27","ygraham@hotmail.com","pbkdf2:sha256:260000$rRm3i1AmfoiCnzq8$d13c1e959018d89c0cb31f88f2b5ce7fbea554189937c42fad104d05a4afdf33","Cynthia","Faulkner"
"28","millerlori@yahoo.com","pbkdf2:sha256:260000$OQZ2EGz4y1d4WnH1$216e7fb65f63db94504148cd0685820a862e80e25bd16ef707526f23dace72dd","Kelly","Casey"
"29","pmartinez@yahoo.com","pbkdf2:sha256:260000$tF7RMopPa1hD7Fmm$f3b943fb02048cb6b7377d3ae3c9255b6371453346cc9fb111f40e62812450ed","Thomas","Patel"
"30","stafforderic@gmail.com","pbkdf2:sha256:260000$RKSyHIXH9Ksaln1b$0de1bcfb19a8864558fb2414b0d5a3dbb996327803542293d24a2dbb081a474e","Johnny","Martinez"
"31","smithsabrina@gmail.com","pbkdf2:sha256:260000$wCe8H2ubtvUfpSuA$b05400c5022f790c0136cf1978fa1344803880bccf8111ddbe7826f8d5532444","David","Turner"
"32","rmiranda@hotmail.com","pbkdf2:sha256:260000$nm0rq7bX2ccXqRp6$bd83a69050e126fc187d40708e88f1825e25d38efb31fcac20c6bd3fa299bd75","Evelyn","Hendricks"
"33","millersamuel@yahoo.com","pbkdf2:sha256:260000$uEeImZ9uiU57jXfc$557b0ec6eb2f88a9286dcddd4351785bd7b320fc2405b499d2aec5472bae3a52","Paula","Walter"
"34","cherylstewart@yahoo.com","pbkdf2:sha256:260000$4rkvj9y3uQad6ybl$73995bebb9cafade2cce6795691d6f83790b834a6d4437636a31e3b06d963712","Derrick","Webb"
"35","santanajimmy@gmail.com","pbkdf2:sha256:260000$fT8EFdbfiCOODUTY$939c904f232170ebd478907f0816954c168d26f65285124f2fc8c239ec73a5a6","Patrick","Graves"
"36","stephenbeck@yahoo.com","pbkdf2:sha256:260000$BWixp5beQlLeCW82$bbeb1b6d0fd169ade6dd249c913855cf2255cd87a092d897c227c847317785dc","Leah","Bell"
"37","palmercassandra@hotmail.com","pbkdf2:sha256:260000$bPCjZmmHx7PCC8HL$91ad4cd331734a84ee27082cf3d9e38a8f0765103c5d8ea0e00a235b8bc7e602","Dalton","Fritz"
"38","alisongreer@yahoo.com","pbkdf2:sha256:260000$dyUJkT8JFNBjvULu$145cf5797519890e7d3616d400e959637716b9d92f0d7e253e1d702312ae058d","Madeline","Stevenson"
"39","jasondavis@hotmail.com","pbkdf2:sha256:260000$Y60n3DFhzDXkyxzj$58542be62348586634e848cc568557c793f4271914986fc07df2fe79ca853a77","Valerie","Charles"
"40","markchan@gmail.com","pbkdf2:sha256:260000$a76PLVeon52OUNGH$e7831fd1f9c8379da0db5961d1d75e4eda3e5b9ca2035d008e5b4c812a552986","James","Scott"
"41","castroallen@gmail.com","pbkdf2:sha256:260000$q2T8paTAz0TTQK3q$a8bade1f93b3404eb66cbaf2247ff5250b893b484af558e91ed2996ab4bd3b75","Jennifer","Garcia"
"42","caleb01@yahoo.com","pbkdf2:sha256:260000$q1BZ5oQeMXFsh29h$05ed9e97fe9fd2edf56006b0e811d1222ef04903e17d1459ce9492af455ead32","Keith","Jones"
"43","guerrerothomas@hotmail.com","pbkdf2:sha256:260000$AOeAleaH02sSIL9Q$7569de34b3f1937ff438edb1a5ec254fce58b70820cac2821a901108b9c3a038","Lori","Moore"
"44","allison58@hotmail.com","pbkdf2:sha256:260000$1X0swt7Dae8n3AVu$6aab13d7eaf26af7df2a390bbbcdae5739b407119c34d05306dfbbee4c279803","Ariel","Freeman"
"45","jeremy24@yahoo.com","pbkdf2:sha256:260000$5myFrKxNWbLvUqN3$bdb91bf3387a137b4ef0c9ed23b8dbda71ba74506b83f72072dfaf31cf8e4320","Randy","Bernard"
"46","johnny46@hotmail.com","pbkdf2:sha256:260000$gTsGKegxovLF3OFU$2705f646e0806e538b32d861c2c632c027c6417483138cf485c63cf2b9ceaf41","Timothy","Kerr"
"47","james07@yahoo.com","pbkdf2:sha256:260000$s6K5D3lymZrDibGO$899d43a443d2490f97c3cdd06b648bf46299d7b609e211d6b1f96bafe5d7c572","William","Crawford"
"48","marquezpaula@hotmail.com","pbkdf2:sha256:260000$Xd1kEpW0njJbH7Eq$c221c615de653fc820ecd5a41959d6c0a9161b4c6b702c1685a5421ccb0d6a65","Jonathan","Davis"
"49","josephmason@hotmail.com","pbkdf2:sha256:260000$lsnPmocuycfeT7zi$b930a82b9ecfd7bff28dd81f6d8c0cfd2de6fa9bbb5e234e182251a22aff796d","Kathryn","Noble"
"50","richard56@yahoo.com","pbkdf2:sha256:260000$iAXF8gA3BzTUSNSc$048fc397b1290d8a22dae743ba24c551ec7ab6a83c21870e37063057012fef0f","Daniel","Cortez"
"51","fosterbryan@yahoo.com","pbkdf2:sha256:260000$L1NJIlsyCIndXmXK$6751d3e577d134dbc7cf4a9c2b300f189fba1062bdd11a66862f706a439f0df7","Kenneth","Boyd"
"52","anthonyvincent@yahoo.com","pbkdf2:sha256:260000$OoEYKhBiyRoT9TlW$ad413631003fba8a42f86efcdf21dd5e2acaea71fe1813219ce2e87365f30c3e","Renee","Moore"
"53","sawyersamuel@yahoo.com","pbkdf2:sha256:260000$p1ijbxkOsPAYT9XM$ec527038fe78f528c8760ddb22c0e9503fe0c7cf652a810f1bc1fd4d1e395bec","Alyssa","Farley"
"54","gstone@yahoo.com","pbkdf2:sha256:260000$8oMJ17iH6f0nKbQu$32aff25c6f356adb28d1d4c12b6ffcc04274041ea0c1b0c85c3922b3daf09e11","Alexis","Williams"
"55","kevinflores@gmail.com","pbkdf2:sha256:260000$KDtsA1RFinPRffXD$c907fd5dbd6eb902e47a3bbb5680949d3ab6b04f1c584062f58886dc5bc68dfe","Jasmine","Castro"
"56","gordon43@hotmail.com","pbkdf2:sha256:260000$OjgYdkn3eoIFMfX7$9e93fedd7be5c30a82ff96976d0e5f69e2b223aa5869744c4b2a440f0ea4cc5a","Joseph","Williams"
"57","kennethwashington@gmail.com","pbkdf2:sha256:260000$HwjrKrp0iLqeDoJW$d62c4cc441519b31919817ae1cf54c5d95d89416b74887a3a5c6ad0691544ba2","Jennifer","Marsh"
"58","hamiltonchristopher@gmail.com","pbkdf2:sha256:260000$SBr4kSnloeUG6kxL$6b81061da8b59d49b08146cd7e700c958f06945e5f402066759ba810f6730ecc","Anne","Michael"
"59","nsmith@hotmail.com","pbkdf2:sha256:260000$6j0YIriuZt1H22fJ$86917a75144f2b73b633cf952048ca2969e65b904eda2ea0543283761cd78490","Joshua","Duke"
"60","jennaarnold@yahoo.com","pbkdf2:sha256:260000$b6TucAe64d57UdkB$b88a6c7daddb3c1081ef8b052881b64b0cf9e16448f4bf4cba0c8a6f95a695e0","Susan","Turner"
"61","scottzimmerman@hotmail.com","pbkdf2:sha256:260000$YEu1ox4ju5LPt2Tu$ec7eab975aab7d41aefb2e93b1bd6345cacd773a0ff5a8936c224600ccf71240","Julie","Dominguez"
"62","bonnie89@gmail.com","pbkdf2:sha256:260000$eLUp1HS22EVAea4o$5f024d21fc935a90c50e4a809f806f7f49547365ed7f0aa9fb0fe32d1b34ecd0","Dwayne","Osborne"
"63","cindy30@gmail.com","pbkdf2:sha256:260000$qQxe7pWNJeUP0AJJ$ccd4fa776209a5a83390e547c3703c6a4fd8ae78490f01c60ad9eca63a1f86be","Antonio","Thompson"
"64","qhenderson@gmail.com","pbkdf2:sha256:260000$6EPFoCqVfYr2Jfzp$ce085ff8e5979b6f77ecbd9544524c1e46e37e169f927be8eb4f05100bf38153","Yolanda","King"
"65","nancyturner@hotmail.com","pbkdf2:sha256:260000$U9zDOHIncHcgfgYr$5bc9aae64357eddde0de35fec066cd1dd6ec2b8309f6e9debbf1c5ecdd2718b3","Richard","Woodward"
"66","bradley51@hotmail.com","pbkdf2:sha256:260000$eRttKVg2ZOoTS7et$19a1d1ac5d2384f18e0b44ca74847e23c3b1bcab78707596fde297efda04570a","Jeremy","Costa"
"67","matthewpetersen@hotmail.com","pbkdf2:sha256:260000$4hGWpciRL8rST6Wy$c4c0c843d265820946493119e949b48e253ee1fed5d68d93de92367c8353a991","Robert","Dunn"
"68","uhill@hotmail.com","pbkdf2:sha256:260000$jbVEabb27fvMgBrr$266a48f14f13b6c253b10f84d6373f8144f7f9a9a3109a0931dbed63b21f37a8","Tonya","Andersen"
"69","lisa79@yahoo.com","pbkdf2:sha256:260000$FeS8xgK9D9Wyr9kO$eb3e429449ae2172da5e64e8bda7ee835645587cc631a687c57e41a9eaf67182","Stephen","Bernard"
"70","richardsonjerry@yahoo.com","pbkdf2:sha256:260000$d0c2uFgYC8H6ZXog$283930ff25d7a0d38ff466e4e134e6750686be3f7d09edbe588d7a97b7455c1a","Amanda","Gonzalez"
"71","jmcmahon@gmail.com","pbkdf2:sha256:260000$m5VsATtnbSbuwhGV$3dc579afa7f79a28e6551132206914b90b386913b15544a4ced9a8ae92d8ea17","Jimmy","Walker"
"72","wrightkaylee@hotmail.com","pbkdf2:sha256:260000$SRC8xAo52DRYLZfX$9de9c878c103ddf926a5f8a47147a0926baf3fa0e5d0c9dee51ea65fd501e481","Austin","Holland"
"73","danielbernard@gmail.com","pbkdf2:sha256:260000$Zhdq2oEAHX80X58K$d81d43277a1b25845a3bc5fe573fdebf15e19eb615df3e41be0d1bb9cf5335fa","Molly","Fuller"
"74","wbrown@gmail.com","pbkdf2:sha256:260000$0wuBc8Ew4sNysvQZ$67f349bd38c85da093fc6f7fe2da5c3f6026feaaec7ea865836caa3d817e7631","Doris","Kaiser"
"75","ofernandez@yahoo.com","pbkdf2:sha256:260000$bD824QW6PT9dLgzu$153f6a36626a31496f5a49b8b270edee1d7fd6001cf5fb5e2dc28c7c41e33a3e","Tyler","Curtis"
"76","conradthomas@yahoo.com","pbkdf2:sha256:260000$AlDPsXWJgqrZd2rr$ec405169cac64e26767f30d4361e80d7667cdfa073bce7ecf9d6dfeda01d8f3b","Angela","Tucker"
"77","savannahsoto@hotmail.com","pbkdf2:sha256:260000$ylavb8EgVEWLuRe1$48b62fefdd52a70080f3cce73bad10944262aa1b135687ece3c3c53ced625846","Robert","Gould"
"78","debra49@yahoo.com","pbkdf2:sha256:260000$aKEjUAfGXP9AjfSp$630dd8bef7ac15da9c9f47fb8e38dbe1f0f96587ecb3a5d365558b1c78437be2","Cody","Morris"
"79","edward63@gmail.com","pbkdf2:sha256:260000$iJBr8Jiof5VJ0ew8$8abccba9382463ec35b4e48b0fc83ac41921b398db3a3cfcce01a4dc440a41a5","Valerie","Jacobs"
"80","deborah77@gmail.com","pbkdf2:sha256:260000$EL3JLWQa5FlOmCBs$012bf2df8255a6effc25031afdce0e778809f13508562cb44f417b119b16d02b","Deanna","Holt"
"81","opoole@hotmail.com","pbkdf2:sha256:260000$4BQLBi6Xyic9YOx8$55a0220e3a8d939733c40697a8afca5d019967ca04d96f26b91f55a222befb0f","Larry","Palmer"
"82","dwells@hotmail.com","pbkdf2:sha256:260000$1cbmiUblqNs7E6wu$5c21dd9ccab3d8d47795e2aee80871dc529add2170e27f8e2102357bc63725e3","Kristina","Higgins"
"83","qstephenson@hotmail.com","pbkdf2:sha256:260000$eTXCLcca762mmUgj$2ffd76a04d74efdf2a2159c4b268358d001d5c1eb2e55f0250e19c9dc3934c39","Shawn","Matthews"
"84","jeffreysmith@gmail.com","pbkdf2:sha256:260000$xtESe2OB8NK9uhaZ$d216c3b0fb04eadac489de716af1ee3d539d2e5db6ba08da5e276a6a5b73123e","Samantha","Parrish"
"85","marydaniel@yahoo.com","pbkdf2:sha256:260000$coK0ZQPuBNCOWGxG$4eb16b2a7e0ee457f00d36eefd5859c216fe883a79420d1644bf6bb1f9c8a925","Tonya","Jacobs"
"86","jerrybrooks@hotmail.com","pbkdf2:sha256:260000$Q8f2fgEcDhIs4Sym$661ee5b707868a4a0546bd47c534c7cc8d2ded72852c4a3e6cdeac48ba6920e3","John","Beck"
"87","mcbridemary@gmail.com","pbkdf2:sha256:260000$0z4HK216KfsF467a$d2fc625ce58e5967f02f249e5c28ec3178aa4b704cebb844072861fc74fc0503","Laurie","Underwood"
"88","ycolon@yahoo.com","pbkdf2:sha256:260000$2x2eNbNjaPFYavbx$108f598fba4df3d808569b3845b1723654d45905900a9258c7f08cf468ea4db9","Linda","Orozco"
"89","michael74@yahoo.com","pbkdf2:sha256:260000$tMuOCKzz3YWnVgmv$a43a3c47bce510c2ac3b5485f62318473b0eb7c0beabb9ebe6db53b69c1d2cdd","Kimberly","Park"
"90","dillonwest@yahoo.com","pbkdf2:sha256:260000$x7nkCGejOQe9m0cR$70306e7840cae1abd7ed7ba95d4131e55bbb85b2106811ef1a34a00c5b469382","Cynthia","Lyons"
"91","sarabender@hotmail.com","pbkdf2:sha256:260000$TbvI6yU3wgDBIZtN$d7451808621a88cf7862d9cdbce6614f0fea15b477d91567741c747c1e230ce0","Daniel","Hall"
"92","jeremy83@hotmail.com","pbkdf2:sha256:260000$mRc0JQ9g9Tsby3RB$add290aa09c1c188228c32288a957968a726298f62c86af223e5a4ec712ff358","Spencer","Duncan"
"93","jonathan73@yahoo.com","pbkdf2:sha256:260000$EQTfRKosrDPxzhnK$2c66d03d2850ec52f0cabf5c71fd0bac86708020a0b961fb8e5906375cea18f5","Cheryl","Acosta"
"94","alexandramitchell@gmail.com","pbkdf2:sha256:260000$coXaXDSud1CHeXQm$bbd0205d59757539701885bf07bbde29b9aaa93ad3843553929a3b322b9ed2d6","Matthew","DDS"
"95","mathew17@hotmail.com","pbkdf2:sha256:260000$LPvwyTtef4LNKx5o$8a0e9ebf98cc816773e87d1884299d7ca79a05a5b8b6691792056bad1522eec3","Angela","Peterson"
"96","pgriffin@yahoo.com","pbkdf2:sha256:260000$mKpzDhgtoiqPOj2s$3cf61f259f155e236c40c2f7dfd8363125e53bd54c36126b8ed4128d8b36a06a","Adrienne","Friedman"
"97","kennethwilliams@gmail.com","pbkdf2:sha256:260000$Tn9fA6QNZRdDUvaR$52f1e3a92fd36653e04d724b6b5b0f2ed29cdcb378ed2fe25354ec2ddd2cbc0b","Donald","Thompson"
"98","shawnharris@gmail.com","pbkdf2:sha256:260000$KsNQ6hKLPCPq28D3$a1437b351d5bbe5b6d19e09be5a6f2ac62c7be1d19c4cc4851bb2d186d2561cb","Bryan","Scott"
"99","danieltucker@hotmail.com","pbkdf2:sha256:260000$mDZt5ceJkQuDARWi$f3e962d3a3ddd4d77a37032c8baa7140976287fc9c1dc098db9865f337eb60d6","Jessica","Miller"
